,id,author,vader,title,created_utc,num_comments,score
0,fcw2j9,Bmighty77,0.0,Become an Affiliate,1583248873,0,1
1,fcsfgq,SaneFive,0.6369,Elon Musk says Dogecoin is the best cryptocurrency,1583229642,5,1
2,fcrxez,Toastjern,0.6369,Best coin,1583226058,25,1
3,fcrv8x,spookiestevie,0.6369,We have the best CEO,1583225601,2,1
4,fcnkl9,shibe5,0.0,Dogecoin tip,1583202135,25,1
5,fcjoig,therealjwalk,0.7184,What's ya avg buy price?,1583185790,2,1
6,fchl16,georgeforeham,0.0,Weekly Crypto News Roundup - 25th February - 2nd of March,1583177882,0,1
7,fch30u,gerhhard,0.3134,More btc jokes google: news your world bplaced,1583175968,2,1
8,fcf67c,madv2590,-0.5574,Gana sin inversion.. Miner√≠a en la nube..Mastercoin.. 1000gh/s por regis...,1583168732,0,1
9,fcdhl9,CellPhoneConsultant,0.0,Buying reddit Gold with Dogecoin!,1583162169,3,1
11,fcb8hd,P4trykJJ,0.0,Doge Giveaway &amp; Faucet,1583151563,5,1
12,fcaoj2,Ituglobal,0.0,Cryptocurrency Users Get Coronavirus Survival Tips,1583148256,0,1
13,fc8i7a,DisObeyTheGravity,0.0,March 1st Weekly Crypto Report,1583133844,0,1
14,fc8cmz,DisObeyTheGravity,-0.3182,Stupid[est] ways people have lost their Bitcoins,1583132874,0,1
15,fc4zs6,tiger6923,0.0,Using Robinhood for dogecoin,1583115481,23,1
16,fc37bw,Aguistrong,0.7955,Celebrating 100 subscribers! 100 doge give away for one lucky subscriber!,1583107352,26,1
17,fc1wlq,usalgbt,0.0,"Hi,made a website and google extension to get all airdrops and giveaways. Auto update.",1583101880,0,1
18,fbt3ls,Opposite-Letter,0.0,"I am unable to locate my address, where is it?",1583063974,3,1
19,fbrhfo,MuchWoWDog,0.8953,Share some Doge Love for much wow!!,1583053203,2,1
20,fbqya7,kudjo24,0.6369,"Found old Dogecoin on PC, best way to transfer off in 2020?",1583049433,6,1
21,fbp9d8,Mystery-L,0.743,Dogecoin to save doges and doge's friends,1583038873,3,1
22,fbnfn2,Aguistrong,0.34,Giving away 100 doge üòâ,1583029637,9,1
23,fbmkn3,supercdavis4,0.0,Dan Bilzerian lifestyle,1583025580,6,1
24,fbknrs,FULLMikeWard,0.0,Doge on Kucoin,1583017056,0,1
25,fbkchk,saidever1988,0.0,"DOGE EMPIRE, SIGUE EN MANTENIMIENTO, *COMENTARIOS POSITIVOS Y NEGATIVOS*.",1583015655,1,1
26,fbj8m7,Lazerr11,0.0,Pi Network Cryptocurrency,1583011025,0,1
27,fbi3zw,coin4coin,0.8083,DOGECOIN - TO THE MOON !! (DJC feat DRU),1583006339,5,1
28,fbhwc3,tomcarbon,0.2732,"[reminder] There is r/DogecoinEspanol. Are there other languages as well, besides Spanish and English?",1583005479,13,1
29,fbhluq,Runic7,0.0,Can I combine miners?,1583004314,1,1
30,fbh619,k_a_p,0.7184,Can I buy Dogecoin with paysafecard?,1583002585,6,1
31,fbgnxl,CoinSavage,0.4215,The Easiest Way to turn your Spare Change into DOGE everyday,1583000594,3,1
32,fbghkl,01010100100111,0.9252,"BE PREPARED for the next Binance trading competition! Binance WON! Two Trading Competitions, My Share of 40k and 10k BNB Prize in &lt; 3 Hours!",1582999889,3,1
34,fei2i7,DogecoinFah,-0.1511,Folding@home takes up the fight against Coronavirus. The Dogefolders team is already working hard to help!,1583520457,2,1
35,fehm4z,Americandogecoin,0.0,Dogecoin has become one of the payment methods designated for the Tokyo Olympic Games!,1583518664,15,1
37,fefx28,voterosticon,0.3182,Does Elon Musk visit r/dogecoin? Please throw us a bone brother and let us know you're here.,1583512093,2,1
38,fefs91,voterosticon,0.3182,Proof we have entered an alternate timeline (if you're reading this). Could someone please update this to reflect the temporal distortion that occurred in 2018?,1583511575,4,1
39,feffou,DisObeyTheGravity,0.0,7 Real-World Uses for Binance Coin (BNB),1583510192,0,1
40,feddwz,NoSeK2323,0.0,Question,1583500920,11,1
41,feaysk,chronobankfriend,0.0,You are seeing your future car! HODL!!,1583485966,0,1
42,fealkt,dmad2010,0.0,a legit way to earn Doge,1583483369,14,1
43,fea6jk,Deeps990,0.0,Why Dogecoin not Increasing ?,1583480592,5,1
44,fe9hk1,samair8,0.0,"How exactly can you earn 10,000 Doge",1583476271,0,1
46,fe4t5s,dmojs,0.0,Dogecoin showerthought,1583453420,4,1
47,fe1l3j,GunFighterMan101,0.0,Dogecoin Price?,1583440453,2,1
49,fe10al,NoSeK2323,0.0,DOGE mining,1583438301,13,1
50,fe0m25,prabesh072,0.3612,"Bitcoin value might reach upto $100,000 in 2020",1583436780,0,1
51,fdzxra,Cryptowake,0.6908,"Quantum Bullish' Crypto Minute, March 5th 2020, Daily Bitcoin Cryptocurrecy News &amp; Analysis Today",1583434188,0,1
53,fdwo22,paulemmanuelng,0.5574,Elon Musk‚Äôs Tweet Boosts Dogecoin Price by 5%: Could Celebrities Who Endorse Crypto Be Driving Adoption?,1583421402,10,1
54,fdwn90,deevaz123,0.4019,Flexa Network integrates with BearTax to help customers deal with taxes,1583421302,1,1
55,fdvurz,vasko469,0.0,I require assistance,1583417798,23,1
56,fdva84,Ender230250,0.0,Le jemfre Epstein,1583415113,0,1
57,fdsmzj,CyproKing,0.4404,Stay Safe fellow Doges,1583399234,13,1
58,fdr9h0,bestHYIPTemplate9,0.0,Incredible...!,1583390209,1,1
59,fdpzto,Sweetishdruid,0.0,If I wanted to how would I tip someone some coin?,1583383279,2,1
61,fdmo11,cryptozink,0.8938,Must Be Nice Having Elon Musk As A Friend! CONGRATS DOGE!,1583367792,6,1
62,fdjfyk,Acpr0,0.0,OC shitpost,1583354776,0,1
63,fdem1d,ahumanbeingx,0.6115,Why don't the dogecoin developers host or allow more charity events?,1583335807,9,1
64,fdecla,MuchComputerWow,0.0,"Ladies and gentlemen, we got him",1583334703,20,1
65,fdd6st,AlphaHellhound,0.7184,Elon Musk about to buy a ton of Doge?,1583329434,15,1
66,fdbu8x,BitcoinRoot,0.0,Hello Dogecoin community.,1583322400,7,1
67,fd9td6,DisObeyTheGravity,0.0,"Breaking: Supreme Court Allows Trading Of Cryptocurrencies In India, Lifts RBI Ban",1583308745,1,1
68,fd85sj,DrPlasmid,0.7184,"If there were any Dogecoin merch, what would you be willing to buy? Hats, shirts, etc.",1583298819,12,1
69,fd82ra,killabell33,0.7627,help me earn dogecoin? (or make other crypto to doge) spend 15 min on one of these and it will help me out alot! your the bestestest!!!,1583298380,0,1
70,fd5gd5,getblockio,0.0,Dogecoin node,1583286055,0,1
71,fd4hre,Cryptowake,0.0,"'Catch the Knife' Crypto Minute, March 3, 2020, Daily Bitcoin and Cryptocurrency News &amp; Analysis",1583281765,2,1
72,fd24yu,NiceAccount74,0.0,Im gonna make it,1583272029,4,1
73,fd23l6,Flabulo,0.5859,Much win.,1583271875,18,1
74,fd1cfs,morningeggs,0.0,Dogecoin and Twitch,1583268951,9,1
75,fjbpc8,Americandogecoin,0.68,Dogecoin novel Grand Prix!,1584318325,3,1
76,fj8zvf,GaryLittlemore,0.0,1000 Dogecoin Note,1584307986,33,2
77,fj6hkb,opreturn_net,-0.0772,Rainy day Giveaway,1584298922,18,1
78,fj5w8q,Kera667,0.1779,"22% of the largest investment companies already own cryptocurrencies, and another 47% plan to include some digital assets in their portfolio in the near future.",1584296862,7,1
79,fj5qbg,loyaltysmith113355,0.8807,"best album out use your dogecoin to buy ‚ÄéChozen 2 the World, Vol. 1 by Various Artists",1584296270,0,1
80,fj1mb4,RAZOR4576,0.0,dogecoin,1584280379,3,1
81,fj0043,Americandogecoin,0.5994,Doge needs a super springboardÔºÅTo the moonÔºÅ,1584271866,1,1
82,fivfsa,positive-monkey,0.0,such secret!,1584244489,10,1
83,fiswye,sniper_hustler,0.3182,It's cool how many sites are starting to use Bitcoin such as these,1584233337,0,1
84,fips5x,f0rexf0rex,0.0,ECOIN the new cryptocurrency which has made it to 1.7m in 18 days,1584220918,2,1
85,fio4rv,mastermartian1,0.0,Yo whats the deal,1584214697,6,1
86,fio4rc,tomcarbon,-0.25,[OT] Dog Balloons That Floated To The Ceiling And Got Stuck,1584214695,1,1
91,fig4yo,morningeggs,0.4389,Accepting Dogecoin on my livestream!,1584180352,5,1
92,fiezq1,samair8,0.0,Earn Dogecoin for just letting it in your account,1584172356,1,1
93,fidcli,brianphobos,-0.2244,Baseball Jersey Sneak Peek - Hiding in the Camo But Still Watching!,1584162094,2,1
94,fidauw,brianphobos,-0.2244,Baseball Jersey Sneak Peak - Hiding in the Camo But Still Watching!,1584161820,0,1
95,fiap9d,cfaust1,0.0,GUYS DID YOU HEAR?,1584149165,18,1
96,fi5yv7,iiiiight,-0.7882,Hold or sell????,1584130312,15,1
97,fi2jz5,h3xadecimal2,0.3612,"What does 10x, 40x in &lt;1 Day Algorithmically Trading Crypto Look Like... REALLY?",1584117705,1,1
98,fi28mp,tomcarbon,0.6239,"We have a winner for the ""Powered By Dogecoin"" icon contest!",1584116530,10,1
99,fi1sfr,shibe5,0.0,Œ†ŒëŒ°ŒëŒ£ŒöŒïŒ•ŒóŒîŒïŒöŒëŒ§Œ°ŒôŒëŒ¶ŒüŒíŒäŒë,1584114853,9,1
100,fhzlnl,Karnami,0.0,I just bought my first DOGE coin!!!,1584105922,29,1
101,fhzgxw,NitroTypeForDays,0.7184,How to start dogecoin/Where to buy dogecoin,1584105311,1,1
102,fhz6w0,youssefmoumen,0.0,get 0.1 Bitcoin today with this method With -50% off coins,1584104041,3,1
103,fhwe94,CyproKing,-0.7269,Noooooooooooo ü•∫üò°ü§¨üò≥ü•µüò±üò®üò∞üò•üòì,1584087961,9,1
104,fhuybs,DisObeyTheGravity,-0.7783,The Real Reason Why Bitcoin Had Its Worst Crash in 7 Years cryptocurrencies.,1584078726,0,1
105,fhttoh,PattyCakes243,0.0,What price will we bottom out at?,1584072563,6,1
106,fhsfw0,supercdavis4,0.0,Going down with the ship,1584066263,4,1
107,fhsbsj,barce,0.0,Where do you get doge if you're not mining?,1584065794,24,1
108,fl2gzn,basskev,-0.7536,Yo. This is probably a simple answer. I trade dogecoin through Robinhood. I only do limit buys and sells. The price keeps hitting the limit but I'm not getting my buy. Why?,1584585750,10,2
111,fklzjj,MadeUAcctButIEatedIt,0.0,Why Dogecoin,1584518396,7,1
112,fkllkq,M_R_Ackermann,0.0,Winza Network | INVESTMENT - CASINO - FAUCET - EXCHANGE,1584516103,0,1
113,fkk1uc,Attila-the-Hunk,0.1779,I dropped out of the 4th grade to run drugs to support my nana.,1584507422,0,1
114,fkhqr3,Jushdi,0.3544,"Send a letter to your representative! We want 630,000 Doge per month!!!",1584497054,0,1
115,fkg53r,cfaust1,0.34,"fug, I did a zero fee transaction and it's now stuck in the mempool, how long until the mempool is cleared?",1584490549,17,1
117,fke6db,tomcarbon,0.4404,Guess where a good portion of that stimulus is going,1584483037,1,1
118,fkds4j,Kaczor23,0.7424,The upcoming months as we blast off to the moon!,1584481603,22,2
119,fkceci,gx110,0.4019,Can we help COVID-19 efforts?,1584476743,32,1
120,fk7ovu,AHS1381,0.0,Everything You Need to Know About Corona Virus,1584460844,2,1
121,fk5q9u,yandabanda,0.0,Weekly Crypto News Roundup - 10th of March - 17th of March,1584453638,0,1
122,fk3o7o,axomutugo-1131,0.6597,Fortune favors the brave,1584444634,1,1
123,fk3ifj,buzzcola69,0.4574,Help! Need Shibe,1584443770,1,1
124,fk0ie6,Aguistrong,-0.4404,Hello since some people are panicking about the down movement of doge I made a simple video with crypto memes,1584426756,1,1
125,fk06po,DDoS_Me,0.0,"17 March Stonks prediction - Stagnation, Dogecoin mimicking Bitcoin?",1584424957,7,1
127,fjr7jy,basskev,0.5228,I've learned the secret on how to trade this effectively.,1584388431,6,2
128,fjp1bs,dogekrich,0.0,hahahaha,1584380862,4,1
129,fjkc94,Just_for_may,0.0,16 March Stonks prediction: $0.0015 rise to $0.0017 by end of the day (UTC),1584362544,3,1
130,fjj146,beautnbonzamate,0.0,"Bodl, Bodl, Bodl Harder.",1584355635,6,1
131,fjgyfb,UltimateCrypto7,0.0,Dogecoin is IN the Crypto Tournament,1584343036,1,1
132,fjgfmx,Strict-Cookie,0.0,"Saludos , eh ganado 8 dogecoin trabajando",1584340039,2,1
133,fonex5,DeepReturn,0.7297,KYC and AML Compliance for Crypto Exchanges. Guide 2020,1585128571,0,1
134,fon9ju,DisObeyTheGravity,-0.6597,Is China Killing the World?,1585127687,0,1
135,fon3f7,jacobrwoods,0.3612,Would you like to see Doge added to Monedero?,1585126752,0,1
136,folfeb,danielrp34,0.4404,Finally Own Some Good Boys üêï,1585117157,6,1
137,folawn,Jeff22Jump,0.34,When the value of dogecoin rises after investing,1585116450,1,1
138,foi7nu,Kingsiddiqi,0.4019,If Congress passes the digital dollar I‚Äôm goin to give everyone in this group who‚Äôs active 100 dogecoin üê∂,1585102164,136,1
139,focslx,maguki,0.0,What's going on with Dogecoin?,1585082669,4,1
140,foa2to,Kaczor23,0.8002,Forbes article on Crypto released today... this is when we must band together fellow shibes and show the world Doge is the Future! To Da Moon!!!!!! Flood the inter webs with Doge and WE WILL RISE.,1585073963,6,1
141,fo9y1x,Iamalostboy666,0.0772,send me some doge guys pls,1585073558,0,1
142,fo8sqg,harishrupda,-0.1295,"Investing in digital currency is not as good as investing in a masks, which can save your life at a critical moment.",1585069899,0,1
143,fo8adm,harishrupda,0.0,Summer 2020 be hitting different,1585068234,0,1
144,fo7w8c,WeirdType,0.0,"The Doge Rises Forever - Not Practically Forever, Fractally Forever!!",1585066919,7,1
145,fo52nk,spiffyXD,-0.6369,US Regulator Warns Public Against Coronavirus-Linked Crypto Scams,1585056357,0,1
146,fo4pci,marmulak,-0.5106,I feel cheated...,1585054806,2,1
147,fo3omw,HittnGaudi,0.7184,Elon Musk: SpaceDoge to the moon Mission.,1585049889,0,1
148,fo30dv,youssefmoumen,0.3182,I promise you will make 0.3 Bitcoin in 20 min with proof,1585046353,0,1
149,fo2uxg,Leonya9,0.2023,Top 5 Horizen ZEN faucets,1585045525,0,1
150,fo1959,spiffyXD,0.0,Factors to Consider when Investing in Cryptocurrencies,1585036570,0,1
153,fnvyir,supersoldier199,0.886,I need help convincing my mother to let me buy dogecoin miners.,1585011893,17,1
154,fnnc56,AchwaqKhalid,0.0,üê∂ üö¨ üëë,1584982568,4,1
155,fnmrhn,OhKodor,0.0,Just got scammed out of all the dogecoin I own,1584980621,25,1
156,fnmh2r,thecryptovantage,0.6114,Happy National Puppy Day to Dogecoin!,1584979629,2,1
158,fnktsy,freshlybitcoin,-0.2111,Bitcoin Was Created for a Financial Crisis ‚Äî So far it Fulfills its Purpose,1584973621,0,1
159,fnjyqs,XovaTheReal,0.6369,What are the best platforms to use when investing in dogecoin?,1584970137,1,1
160,fnjoau,CRYPTOGLYPHi,0.3182,ULTIMATE CRYPTO FAUCET LIST - Abraham Lincoln and a cool list of cryptocurrency faucets for you and your shibe.,1584968882,0,1
162,fniaji,xzemerson,0.0,bitCollection - collecting cryptocurrencies,1584962239,0,1
163,fngcie,spiffyXD,0.4019,Blockchain Technology Streamlining Operations in Smart Cities,1584951088,0,1
164,fneamv,SpookySpaghetti420,0.34,Literally me when dogecoin increases in value,1584939566,24,1
166,fn8oqq,biografmeddem,0.0,I made a configurable DCA bot using a Raspberry Pi 3 B+ with an e-ink display,1584916355,15,1
167,fn4b0a,Thegoldengnome,0.6103,We made it past round 1 and we need roughly 25 votes to gain a lead! Vote doge!,1584901274,0,1
168,fn2eqs,Deepsack,0.6774,"Gamble Crypto on Provably FAIR Casino, LuckyGames (TOP TIER STRATEGY INSIDE)",1584894755,0,1
169,fn29hw,alexkhan1,0.0,bitcoin miner software withdraw proof 22 march 2020 btc generator,1584894230,0,1
170,fn1xq8,MRbmx1,-0.0258,i promise you will make 0.2 BTC in less than 20 min when you watch this video üî•New methodüî•,1584893045,0,1
171,fn0lru,mtheory7,-0.4215,I see a lot of lame RH screenshots these days. Where are my actual real doge hodlers out there? Let's see some addresses,1584886757,36,1
172,fn0ban,yandabanda,0.2732,How to earn Crypto - Part 2 - Content Creation Platforms - Earn from Writing,1584885313,0,1
173,fn094i,iiiiight,0.836,"This has been a good weekend for crypto, ride doge to the moon",1584885028,1,1
174,fmxd2f,cryptosyringe,-0.875,Dogecoin (DOGE) Price Analysis: Shiba Inu Losses The Battle Of $0.0020 Over Bearish Market,1584870025,0,1
175,fmwkod,spiffyXD,0.0,The Difference between Investors and Traders in the Crypto Market,1584865239,0,1
176,fhly70,mrsotkogaming,-0.4019,Bitcoin Highest Daily Losses And Volume And The Stock Market Correlation,1584041147,1,1
177,fhlif2,probotika,0.4404,Dogecoin creator to crypto faithful: ‚Äúcool your jets‚Äù,1584039574,0,1
178,fhjgb6,h3xadecimal2,0.6239,Market Maker in Livenet Production on Deribit UP more than DOUBLE in MINUTES as it realizes gains from cash n carry futures convergence giving arbitrage yields!,1584032027,3,1
179,fhj27f,Luna_Vovin,0.504,"Using Robinhood, is it good for doge??",1584030619,9,1
180,fhgkbi,BasedDogecoinBuyer,0.0,It‚Äôs not the end,1584020778,3,1
181,fhff91,phonesinprofit,0.6486,"DogeSale, Get your doge while nice and hot. get your doge on sale",1584015452,0,1
182,fhejsi,maxman72go,0.0,"Crypto Markets Take A Massive Hit, As Europe and Asia Based Investors Brace For Corona Virus Impact...",1584010819,1,1
183,fhd3wl,Bomsusik,0.8402,It's time to buy üòé,1584001578,36,1
184,fh3jwa,_nformant,0.0,Crypto Basic Podcast mentioned Doge again (Musks Tweet about it),1583957734,3,1
185,fh2whe,DynamexYoutube,0.7845,Should I buy $700 worth of dogecoin?,1583955367,37,1
186,fh1t7e,zolette,0.4199,Cryptokitties in bulk trading like dogecoin!,1583951307,4,1
187,fh1nuj,Cryptowake,0.0,"'Up Ship Creek' Crypto Minute, March 11th, 2020, Daily Bitcoin News &amp; Must watch Market news today.",1583950752,0,1
191,fgzpb6,tomcarbon,0.0,"I need a ""powered by Dogecoin"" icon to put onto my website (and maybe yours too). Does one exist to your knowledge or shall we have a small CONTEST to design one.",1583943505,17,1
192,fgy60k,Stealthex_io,0.0,When you a PRO at anonymity,1583937634,2,1
193,fgx4hm,Johann9444,0.7184,Does anyone actually buy this as an investment?,1583933197,69,1
194,fgtzpx,moonmishka,0.0,Cryptocurrency is completely anonymous,1583915823,7,1
195,fgtu0l,h3xadecimal2,0.6369,CASH IN: A Perfectly Symmetrically Delta-Neutral Market Maker,1583914735,3,1
197,fgq72z,AlreadyReddit999,0.0,Custom upvotes on mobile!!!,1583894796,0,1
200,fgk3lz,Leonya9,0.0,Dogecoin for everyone. Non investment required.,1583870822,0,1
202,fghq6f,DisObeyTheGravity,-0.5106,Time to panic? (Crypto Market),1583862165,0,1
203,fghkc4,JackiFassett,0.9451,"Are you wondering how to finally start making money with cryptocurrency? Then you should definitely visit our server, where the best traders around the world ,gives the best advice how to profit from crypto trading.",1583861565,0,1
206,fge4dn,daddy-pancake20,0.0,Taxes,1583848301,3,1
207,fgbl5x,takizawarola172,0.0,Cryptocurrencies Are the New Alternative Investment,1583835335,0,1
210,fg7e6p,AchwaqKhalid,0.4588,üê∂ üö¨ üòé,1583810272,0,1
211,fg58at,mrsotkogaming,0.0,Justin Sun And Gang Take Over Steemit,1583800986,0,1
212,fg3gil,zolette,0.0,1 kitty = 1 kitty or 1 wrappedcryptokitty (WCK),1583793923,6,1
213,fmw5xv,Naser6612,0.6249,Great,1584862783,0,1
214,fmvty8,DisObeyTheGravity,0.802,Banks Are Helping People to Buy Bitcoin,1584860804,0,1
215,fmu1pc,psytodogec,-0.0516,Dogecoin is now proven to be the only cryptocurrency that is safe from a potential 51% attack.,1584851620,2,1
216,fmsuzf,psytodogec,0.0,I bought my retirement fund for just 9 cents,1584846680,0,1
217,fms2xa,tomcarbon,0.8402,"[um, wow] Elon Musk says Dogecoin is the best cryptocurrency - Daily NewsX",1584843525,5,1
218,fmpvdu,kylekemper,0.296,Calling all shibes to join the #LiveDanceChallenge,1584834856,1,1
219,fmpum1,kylekemper,0.296,Calling all shibes to join in the #LiveDanceChallenge,1584834780,0,1
221,fml3z2,munmun-dog7,0.25,Alright I‚Äôm all in,1584820509,1,1
222,fmkusx,Bulevine,-0.2846,"I'm an idiot, but I did it.",1584819666,96,1
223,fmjcvw,Sucky4399,0.0258,Is there a doge faucet that doesn't have a minimal withdrawal amount?,1584814480,7,1
224,fmjbj1,Sucky4399,0.0258,Is there a Doge faucet thag doesnt have a minimal withdrawal amount?,1584814350,2,1
226,fmg2n2,farmersark,0.7424,Let's move towards the future and go to the moon!,1584802198,5,1
227,fmfpwl,Musarmy11,0.6696,Love Doge!,1584800689,6,1
228,fmcbpw,crypto-city,0.4404,Bitcoin is the hope we should hold on to,1584782149,0,1
229,fmbxcn,spiffyXD,0.3818,How to Protect your Cryptos from the Market Volatility,1584779586,0,1
230,fmb53b,topjobs11,-0.4019,Problem with database,1584774562,4,1
231,fmb1qw,CyproKing,0.4404,The whole world üåç is going into Lockdown üîê Stay Safe guys,1584774013,0,1
232,fm8m5o,Herald134,0.3625,CHECK OUT THIS NEW APPLICATION.... PAYS IN AN HOUR... LIVE PROOF.... DONT MISS OUT üòä,1584761443,3,1
233,fm6uni,Karnami,0.792,to the MOON!,1584753787,2,1
235,fm6rj0,NativeShibe,0.4588,I call upon my fellow shibes to raise our standards,1584753429,5,1
236,fm2x3m,MsRolliePollie,-0.5106,[Offer] Certified Shopify Expert Will Build a Shopify Store for You With Your Products or Help You Research and Source Products to Sell for Dodgecoin.,1584738910,0,1
237,fm1q5k,maxman72go,0.6808,"Crypto Markets Surge and ""Leave Stocks In The Dust"" - Plus, Let's Clear Up Confusion Around Bitcoin Being a 'Safe Haven' Asset...",1584734745,1,1
238,fm138i,Kaczor23,0.0,Doge for future world currency,1584732552,0,1
239,fm0sd6,Bogey_Kingston,0.6908,Someone tipped me in dogecoin a long time ago and I never could figure out how to use it. Can someone help me ?,1584731518,9,1
240,flzm8p,Kaczor23,0.0,The Musk Man on Crypto Currency summed up in one pic,1584727554,15,1
241,flyvzt,CoinjoyAssistant,0.0,News aggregator ‚Äî comments and thoughts needed!,1584725046,0,1
242,flxey9,mrsotkogaming,0.4019,Will The American Stimulus Package Boost Bitcoin?,1584720010,1,1
243,flwwsc,IJM,0.0,Dogecoin (DOGE) Merchandise on Crypto Clothing,1584718218,0,1
244,flw9e3,saidever1988,0.0,QUE ES BITCOIN Y PARA QUE SIRVE?,1584715871,0,1
245,flrsew,crypto-city,0.743,"Now is the time to invest, bitcoin will rise rapidly over the next week, this is the period smart people are made rich",1584694450,0,1
246,flrauw,spiffyXD,0.2732,Significance of APIs in Crypto Trading,1584691592,0,1
248,flnrqh,Titan_Trader,0.0,ArbTitan,1584674374,2,1
249,flng99,Leonya9,0.2023,Top 10 Faucets to earn Dogecoin wothout investment,1584673071,0,1
250,fljiy2,OhKodor,0.0,Dogecoin faucet I've been using,1584657917,0,1
251,flj0pu,crypto-city,0.4215,It takes a leap of faith,1584656083,0,0
252,flijdx,OhKodor,0.0,Here's a dogecoin faucet I've been using for a while,1584654419,4,1
253,flcviy,TheDogGardener,0.783,We're going to the moon!!!,1584635256,0,1
254,flcuvg,TiberiusClegane,0.6908,Looks like Doge has pretty much bottomed out,1584635194,10,1
256,fl8y4i,crypto-city,0.3612,Why settle for less when you can risk it and get rich,1584619553,6,1
258,fl6orw,Jacklinarora,0.3612,Launch Cryptocurrency Exchange Like Binance in 7 Days,1584607031,0,1
259,fl5uu0,maxman72go,0.0,It's Almost Tax Time! Here's 5 Tips You Should *REALLY* Know Before Doing Yours...,1584602188,1,1
260,fl5tea,azzanrev,0.0,My dog looks familiar.,1584601940,7,1
261,fqiyxj,spiffyXD,0.0,Can Blockchain Tech Transform the Music Sector In The Year 2020,1585397181,0,1
262,fqiqk0,beingckr,0.6369,Fall In Love With My CURRENCY COLLECTION | Being CKR,1585396191,0,1
263,fqhuf9,EtherBones,0.7506,At DogData we believe the Future of your Data is in your hands.....use the PedigreeChain blockchain Explorer to immutably record your Dog life Data and you decide what to share to social media not the other way around üêæ‚ô•Ô∏è‚õìüêæ,1585392274,4,1
264,fqhn58,jan2442,0.4019,Need help (IPhone),1585391404,4,1
265,fqc4th,LoginGit,-0.5267,Property Insurance Define - Insurance Property And Casualty,1585364861,0,1
266,fqb8n2,cUrrencyofchoice3,0.0,Coronavirus &amp; Cryptocurrencies,1585361372,1,1
267,fq9qjg,theLegendofWalt,0.5859,Many 3‚Äôs. Much wow.,1585355902,1,1
269,fq6zzz,LolaDam,0.7184,A service to buy Dogecoins,1585346901,16,1
270,fq699c,brianphobos,0.5562,California Dogecoin Home Jerseys! Still hopeful we will take the field in 2020. ‚öæ,1585344626,0,1
272,fq41wa,EtherBones,0.986,Your Dogs love is without boundaries üëçüí™!!! .....in fact they Love üíï you like in a Pink ‚ô•Ô∏è and Rosie Haze ‚ô•Ô∏è all the time !!! Your Dogs will All enjoy üêæ their weekends with you ü¶¥ Have a Good Weekend !!!,1585338124,12,1
273,fq3ez1,basskev,0.7543,"I'm convinced this is just a Robinhood thing but oh my god, just process. Please.",1585336246,2,1
274,fq2l0h,[deleted],0.0,DOGE not afraid CAVID-19,1585333885,0,1
276,fq1abt,tht_prelude_guy,0.0,Remember this meme?,1585330124,46,1
277,fq0ql2,MRbmx1,-0.3818,how i made 0.1 Bitcoinüî• in 20 min and i will share this method with youüî•,1585328521,0,1
278,fq0pb4,tht_prelude_guy,0.0,Can we start a rise in price,1585328426,3,1
279,fpxzcf,Ochoa007007,0.7249,Love it!!!,1585319791,1,1
281,fpwlqa,Leonya9,0.0,Get GRAM Tokens (Faucet + Airdrop),1585314368,0,1
282,fpwjei,spiffyXD,0.6486,"BTC Poised to Begin a Strong Rally Towards $7,500 Levels in The Near Term",1585314104,0,1
283,fptted,_twoSense_,0.5106,Honest Question,1585300269,13,1
285,fpqfsg,PsychologyResearchRA,0.0,A Scientific Way to Understand Your Personality,1585282421,2,1
286,fporzp,shinkumi,0.0,Bitcoin Inches Higher as Analysts Watch for Fireworks,1585275335,1,1
287,fpl320,covcoin,0.0,COVCoin Airdrop 50M +,1585261487,0,1
288,fph7ix,EtherBones,0.8213,using DogData DNAHunter can make better choices for your females mating partner. DNAHunter Dog breeding algorithm will help prevent genetic fault replication in your next generation of perfect Puppies !!!,1585248628,0,1
289,fpelyt,shothrdaroundthewrld,0.0,Robinhood dogecoin question,1585240452,14,2
290,fpdul8,Herald134,0.0,Dont skip this,1585237914,0,0
291,fpb1ot,JaSamSamzy,0.0,Newbe here - Miner available?,1585227443,11,1
292,fpasof,polagon,0.8398,"Ok, newbies &amp; beginners buy yourself some DOGE! Much help in this guide",1585226323,2,1
293,fpa28h,BestFaucetSites,0.0,10k DOGE Giveaway + 25 DOGE for each new user,1585222798,7,1
295,fp8m0o,hyipmonitorclub,0.0,Paying performance,1585215079,0,1
296,fp7imb,spiffyXD,0.0,The Ultimate Guide to Protecting Yourself in the Crypto Space,1585208811,1,1
297,fp7h8q,jasevt,0.4215,Is there any Dogecoin charity thing going on for Covid-19?,1585208584,38,1
298,fp64mg,shinkumi,0.4019,US Stocks Flat after Senate Approves Aid to Americans,1585201342,0,1
299,fp430i,tomcarbon,0.0,What are your suggestions for getting Shibes4Socks (Dogecoin Socks for the Homeless) up and running again?,1585191990,15,1
300,fp3ro7,andrewzero,0.0772,Dogecoin is the future I want.,1585190665,1,1
301,fp3fmr,EtherBones,0.0,Say Ohhhhhh!! to Corona !!!,1585189296,1,1
303,fp1ozn,boba2021,0.0,YouTube,1585182529,0,1
305,fp100n,EtherBones,0.0,DogData the blockchain for Dog life Data üêæüëç,1585179969,0,1
306,fp0nog,lavacaballero,0.5499,"Some years ago, we brought Doge tipping to Facebook. We have another project, maybe even bigger, but we need help to make it real.",1585178735,5,1
307,fovh8k,Cobragolf19,0.7003,[First post] Is it just me? Looking at the 5yr it looks like Everytime Doge come back it never comes back as strong,1585161180,12,1
308,fot75f,Bobinstein1,0.0,Setting up shapeshifter/coinbase,1585153543,1,1
309,fosmwp,Rilesnarson,0.0,Stimulus,1585151662,2,1
310,forhen,yandabanda,0.0,Weekly Crypto News Roundup - 18th of March - 25th of March,1585147561,0,1
311,for4yv,zeomox,0.0,Remember dogetipbot? How do we get that back?!,1585146254,19,1
313,fop81x,spiffyXD,0.5994,"BTC Bulls Eyeing $7,000 In The Near Term",1585138247,0,1
316,fs9srf,HEY-CHAI,0.3612,Leaning shaking hand. ü§ùü§ùü§ù,1585646378,2,1
317,fs9kcl,cryptosyringe,-0.3612,Dogecoin (DOGE) Price Analysis: Price Consolidation Makes $0.0020 Mark Difficult For Doge,1585645130,0,1
318,fs9jxw,LoginGit,0.0,Microsoft Project Review - Tutorial For Microsoft Project,1585645065,0,1
319,fs90eq,tht_prelude_guy,0.0,Requested spinning coin,1585642039,10,1
320,fs8rgg,shinkumi,-0.743,Riot Blockchain Expects a big Bitcoin Mining Deficit due to the Coronavirus ¬ª The Merkle News,1585640724,0,1
322,fs52k9,Crosstiger1,0.0,Just bought my first dogecoin!! Did it for my doggy,1585623371,2,1
323,fs3qql,Uniqueusernamehurray,0.0,Latoken,1585618170,0,1
324,fs165w,tht_prelude_guy,0.0,"3D Dogecoin I made, obj &amp; files to use for 3d printing",1585608664,2,1
325,fs10ck,hluscos,0.0,Invest,1585608081,5,1
326,fs0mw2,EtherBones,0.0,The mafia is in town üêæüíØ,1585606834,0,1
327,frzhzt,lonestarflower,0.126,Lone Star Flower Now Accepts Dogecoin!,1585603172,8,1
328,fryqk7,EtherBones,0.6219,Exit planet Earth !!! üåçü¶†‚õì üíâ‚ùå üöÄüëç,1585600626,0,1
329,frxwzd,MicahCMiracle1,0.0,3d Dogecoin NFT?,1585598078,0,1
331,frxt9s,tht_prelude_guy,-0.6136,"I didn't like the last revision, here is my final 3D Dogecoinüêï‚ù§Ô∏èüôè",1585597761,0,1
332,frxd21,cryptoadventura,0.3182,China‚Äôs Courier Giant Deploys Blockchain Solution to Track Medical Goods Supply Amid COVID-19 Pandemic,1585596353,0,1
333,frx7rw,tht_prelude_guy,-0.4404,"After much requests, here is a revised 3D Dogecoinüêï‚ù§Ô∏è",1585595919,13,1
334,frwj7c,MedrentServices,0.5267,Freewallet and Changelly launched off-chain coin swaps. Such exchanges are executed in 2-3 minutes and characterized by better rates and enhanced anonymity.,1585593831,0,1
335,frw3wv,zabazaba,0.9367,"Very Fun, Awesome Games, Much Wins - Play with DOGE at Luckygames!",1585592489,0,1
337,frtwpu,Xig2000,0.5719,Using Dogecoin to increase its value,1585585537,4,1
338,frtdw7,puffmona420,0.0,CLOUD MINING,1585583881,3,1
339,frrxyq,Cryptwerk,0.4389,Travel companies accepting Dogecoin. Travel with DOGE!,1585579087,0,1
340,frrksz,HEY-CHAI,0.0,Awwww..,1585577790,1,1
341,frr99o,Rubal001,0.8225,An awesome dogecoin bounty on telegram. Please join.,1585576650,0,1
343,frr05p,SeniorFocus5,0.0,Finally i have this!,1585575711,5,1
344,frq9me,EtherBones,0.0,Canine Corona Virus ‚Äú has your doge been vaccinated ? !!! ‚Äú,1585572873,0,1
345,frozmm,Herald134,0.0,DO IT NOW,1585567341,1,1
347,frmy4m,tht_prelude_guy,-0.4404,I made a 3D Dogecoinüêï‚ù§Ô∏è,1585556608,42,1
348,frmigt,spiffyXD,0.0,A Detailed Guide on Crypto Derivatives,1585554169,0,1
350,frluuv,alexkhan1,0.0,Blockchain Hack march 2020 GENERATES Unlimited Bitcoin 100% WORKING bitc...,1585550601,0,1
351,frlp4d,CyproKing,0.0,üíª Anyone else Working from Home üíª,1585549768,11,1
352,frl4zx,shinkumi,0.1779,These Five Altcoins Have Emerged As Most Preferred Alternative Crypto Assets,1585546905,0,1
355,frb0ur,shrk1457,0.0,Doge. The stimulus vessel,1585508045,1,1
356,fr9xsp,sandrozc,0.0,∆â Is For Dogecoin üê∂ Everything You Need To Know About DOGE,1585504231,2,3
358,fr66u5,mtheory7,-0.2263,Finally figured out how to import my vanity address and decrypt the backup to find the 12 word phrase used so I can always have my own private keys. Used openssl and a few posts from others throughout the years,1585489982,16,1
360,fr5897,spiffyXD,-0.6757,"Weekly Crypto Market Analysis: Bitcoin increases by 10% and promises major action, markets slightly recover but Covid-19 continues to wreak havoc",1585485255,0,1
361,fr2ck5,spiffyXD,0.0,Beginner‚Äôs Guide: What is Bitcoin Halving?,1585468670,0,1
362,fqvy64,ActiveInvite9,0.0,wooow,1585440925,1,2
366,fg2a4f,A_Horse1273,-0.4767,le badly done minimalistic doge has arrived,1583789484,2,1
367,fg1ubu,jubu_jubu,0.0,BRO!! ;--;,1583787863,3,1
368,fg1mj4,krymson,0.0,Your daily reminder that dogecoin is coronavirus-proof,1583787098,7,1
369,fg1eb6,Yuri-Tarted,0.0,420k Doge = 420k Doge,1583786258,1,1
371,fg0ff7,georgeforeham,0.0,Weekly Crypto News Roundup - 2nd of March - 9th of March,1583782784,0,1
372,fg0f5s,Leonya9,0.5859,Fly-Faucets (Win DOGE upto $250 every hour),1583782758,0,1
373,ffye6j,AchwaqKhalid,0.0,üí™üê∂,1583775395,11,1
374,ffxf82,this_justin__,0.0,Should I use dogecoin as a way to learn about investment?,1583771779,14,1
375,ffu5ai,georgeforeham,0.0,"Crypto News Roundup for March 8, 2020",1583758164,0,1
378,ffqh63,CyproKing,-0.7184,All the markets are down üìâBuy Sell Hodl,1583735246,18,1
379,ffps87,swimmyIgnacio,0.7184,Time to buy again?,1583731109,1,1
380,ffpa9y,Immortal1985,0.3612,Why Elon Musk was promoting other countries on YouTube today,1583728402,3,1
381,ffj20z,yankeetrash,0.3802,Please!,1583701211,7,1
382,ffig4i,kaho2ashish,0.0,Dogecoin transferred at closed exchange ..How Can I'll recover again..,1583698877,6,1
383,ffhhnz,saidever1988,0.1779,"VIRTUALMININGFARM-(NOVEDADES), ¬øAIRE DE ESPERANZA?, O SALIDA DE ESCAPE.",1583695279,0,1
384,ffhbo3,Spare_Photograph,-0.0772,What underlying technologies make dogecoin a serious competitor to other cryptocurrencies?,1583694636,38,1
385,ffg7a4,GaryLittlemore,0.4404,"From Dogecoin to Putin Coin: Sh*tcoins tickle the funny bone, if not the price",1583690272,0,1
386,ffeq81,georgeforeham,0.4019,Putting the Spotlight on 10 Notable Women in Crypto [Women‚Äôs Day 2020 Special],1583684297,1,1
387,ff87hq,AlreadyReddit999,0.0,Did anyone notice the new/enhanced Dogecoin logo?,1583645782,1,1
388,ff7s4o,Leonya9,0.0,How to earn dogecoin without investment in 2020,1583643443,0,1
389,ff3y7n,Heebnoid,0.0,fist full of doge. converted it all,1583625276,15,1
390,ff3gk0,positive-monkey,0.3147,"Stay Safe Shibes! wash paws, no touch face, much personal space!",1583623156,8,1
391,ff1rgb,Astrosin,0.2263,"Someone Just Minted a Doge-Themed Crypto Token Worth $129,000",1583616078,0,1
393,fezil0,vop_design,0.5423,Doge For President? Yeah :-),1583607074,2,1
394,fey7cd,Incatenatore,0.0,The King,1583601778,0,1
395,feuoi4,jaimeferraz,0.0,B,1583585179,2,1
398,feqlot,bestHYIPTemplate9,-0.296,My Dog Sneezing And How Can I Stop It?,1583558102,2,1
399,feqewm,faustxx13xx,0.0,Someone forgot to invest,1583557077,7,1
400,feocpb,SpaceForceAwakens,-0.1511,Never underestimate the favorite alternative crypto currency,1583546556,3,1
401,femlbu,zolette,0.7184,[Partnership] Cryptokitties and Dogecoin will go to the moon together,1583538476,4,1
