,title
4,Beypazaricekici.com is fake site for cloud bitcoin mining.
15,Someone asked to transfer Bitcoins to my wallet
25,Join bitcoin free
32,RASPBERRY PI x MYNODE x CRYPTOCLOAKS x CRYPTOCOINDISPLAY x COLDCARD x COLDPOWER x OPENDIME x LEDGER x YUBICO x GRAPHENE OS x SAMOURAI WALLET x ZEUS LN #BITCOIN
40,"Does miners ""mine"" empty blocks in Bitcoin?"
43,"Hello everyone below is my mobile green wallet, I literally sent the below amount of bitcoin from my Blockchain to my green wallet 1 hour ago and I cannot see the bitcoins in my green wallet"
52,I am in help everyone.. I sent bitcoin from my Blockchain wallet to my green wallet and itâ€™s has been confirmed on both and I can not see my bitcoin in my green wallet
55,20 Reasons Why EVERY Bitcoin-Enthusiast Needs to Download Brave Browser
59,Bottlepay are launching their digital payments app!
69,Why is it so hard to buy bitcoin using a credit card?
72,"Quote Of The Day by Samson Mow, CSO at Blockstream - Read all his quotes - https://bit2buzz.com/profile/141/Samson-Mow"
77,The Unhashed Podcast: Casa's Wallet of Total Trust
87,Free online training for bitcoin
93,Can I buy bitcoin using a prepaid card?
98,Finally found a way to make #cryptocurrency #mining profitable again.
100,"Venezuela Seizes 315 Bitcoin Mining Rigs: Miners Discuss Illegal Confiscation, Police Extortion"
102,Found a bitcoin mining browser
108,Testing bitcoin wallet?
115,Paper HD wallet concept
120,Welcome to Bitcoin Live App!
122,Restored my wallet from 2016!!! Look what I found! A whopping 5 dollars and 88 cents! Hold my beer whilst I go buy a lambo
131,Bitcoin Magazine: Nikcantmine from Twitter walks you through how to set up a Coldcard by Coinkite with Wasabi Wallet.
134,Best BTC payment provider and wallet for commercial use? Please help.
149,Best places to get started for free and easy BTC
153,Free sats!
155,BitBox02 â¤ï¸ Electrum (part 1): Use the BitBox02 with Electrum wallet
159,"To everyone leaving reviews on bitcoin(dot)com wallet, keep it up. A lot has changed."
177,Why is Rahakott Wallet shutting down?
196,https://luckyfish.io/?c=misz
199,"Quote of the Day - Australian comedian Jim Jefferies, who owns four times as much Bitcoin as Elon Musk. Browse all crypto quotes at https://bit2buzz.com/crypto-blockchain-quotes"
200,I lost 3.5btc from a bitcoin investment scam.the scammers are very intelligent.at first they paid out the returns for smaller Investments.after gaining my trust they scammed me full..i have no money at all now.. please dm me if anyone willing to donate as the rules say not to post wallet address.
206,Recovering Trezor Wallet on Ledger Nano
209,"Bitcoin Wallet Double-Spend Vulnerability Hasn't Been Fixed, According to BCH Backer"
218,bitcoin mining sites.
222,Best way to buy with a debit card
234,Free Mining App
240,Cash app deposit pending for 4 days
241,"This PokÃ©mon card collector unpacked a limited edition Charizard worth $55,000. $55,000 for a piece of cardboard with pictures on it. And people out there think #Bitcoin can't reach that price? Lol, they're in for a surprise."
242,Investing Great platform
245,"Install CryptoTab browser and get real Bitcoins for using it. Your earnings will keep growing as long as you're watching YouTube, reading news and using your social network accounts daily."
274,Curious. For those who have a hardware wallet and for those willing to share. Where do you store your 24 seed phrase. About to buy a Ledger S and the other half of the whole thing is to keep this phrase somewhere it will never be lost or damaged etc. Ideas welcome
278,Transferring BTC from software wallet to hardware wallet
280,Anybody got cash app wanna make a deal?
281,This Historically Accurate Bitcoin Bullish Indicator Flashes Again - Bitcoinist.com
285,I have no Seed for my wallet!
295,#quoteoftheday The biggest threat a single government can pose to #Bitcoin is not to ban it .... it is to elect to run a budget surplus or return to the Gold standard (or similar) - Says Alistair Milne - co-founder &amp; CIO at (ADCF) - More at Bit2buzz.com/home
299,Bitcoin Card
305,BITCOIN PIZZA https://www.instagram.com/p/B-cQLlhg5QJ/?igshid=1ptgimc5sywj7
312,Bitcoin mining after 2140
318,"If I write an novel app using lightning network protocol, can file a method utility patent?"
321,Bitcoin salvation for the evils of the FED. -&gt; https://twitter.com/piratehash/status/1282049054239797249
325,"Plenty of these masks around haha. Smile and wave boys, smile and wave... - Source [https://raffleninja.com/about-us/]"
336,"What website would it be okay to ask, is it okay to send bitcoin directly from cash app or coinbase to a 'Research chemical' vendor? Or do you need to do something else?"
340,Is there a quality bitcoin poker site out there?
343,Learn to trade bitcoin like a professional with this new app.
346,Ellipal Titan vs Coldard Wallet
350,Is this a good deal? Only sitting on 0.08 with cash app.
357,"My friend sent $20,000 of bitcoin to a bitcoin cash wallet... Please help us."
362,ğŸ‘ğŸ˜‹ Enjoy great browser and get extra passive income in BTC ğŸ‘‰ Click to start: bit.ly/3iU2LAG
372,Shariah Council Permits Cryptocurrency Investing and Trading The Shariah Advisory Council of Malaysiaâ€™s securities commission has advised that it is permissible to invest and trade cryptocurrencies on registered crypto exchanges. About 60% of the countryâ€™s population areâ€¦ read more: https://news.bi
382,Hi want to earn money online click the link and sign up and alos get 25$of bonus
386,"Cryptotab Browser, Earn Bitcoin while surfing the web!"
388,Ruqqus is a Reddit alternative powered by donations - And their Bitcoin wallet currently has more than their Patreon!
407,Selling Bitcoin for Visa Gift Card
413,Bitcoin trading app
487,"Bill Gate and Elon Musk Twitter account got hacked, over $53,000 has been sent to the wallet."
492,T-Mobile allowed SIM hacker to steal over 1.7 BTC from my Coinbase wallet.
506,Inexpensive/Free alternative to Wasabi's CoinJoin?
507,Free Mining Website|New Free Litecoin Earning APP|Without Investment|De...
520,"i know that everyone hates on coinbase but it's what i use currently (once the coins are mine i transfer them to a wallet on my laptop), my question is: if you sell crypto for cash on coinbase where do you get the cash? there's no option to send it to my bank. what do?"
527,Mining in space?
536,Is there any legit site where i can buy bitcoins whit paysafe and whitout age verification?
541,"Wasabi Wallet Carrying 22% of Bitcoins After Twitter Hack, says Elliptic"
542,Itâ€™s technically a hardware wallet!
550,Do you want to get free games and prizes in your free time?
555,Haven App (mobile openbazaar) will error out and you will lose money
559,Venezuela Bans Bitcoin Mining Operations in the Countryâ€™s Public Housing Sector
565,"I wrote my private key wrong and now I canâ€™t swipe my wallet, hereâ€™s the address and key if anyone wantâ€™s to test their luck and make themselves a little bit of cash :). There's only about 6.6 usd there."
593,free training for bitcoin
596,Gaming PC worth is to mine Bitcoin??
598,UNICC.CM Hacked New Link UNICC.AM
605,Free Training From Wesley Virgin &amp; Ariella Iorio
612,Are closed-source hardware wallets bad? [Ellipal titan]
616,"CZ Binance CEO Interview - Bitcoin, Binance 3 Year Anniversary, IPO, Card, Mining Pool &amp; Swipe Acquisition"
619,"Not inexperienced, question about purchase using Bitquick.co"
621,Best Perpetual contract platform for US customers?
629,"Hello,,,,,, are you looking for an expert to help you do marketing for ico, crypto exchange or bitcoin blockchain?If YES you are at the right place #cyptocurrency #icopromotion #bitcoinpromotion #blockchain #Bitcoinpromotion Kindly contact me on https://www.fiverr.com/share/emeoGj for"
636,Mining rig
637,Putting a hardware wallet in a time capsule
642,Bitcoin data mining
643,Iâ€™m looking to start mining bitcoin from my bedroom. What ASIC would you suggest?
647,(YouTube) Epic Economist is promoting leaving USD for BTC - youtu.be/B7aTb2hQDb0
652,Free 3$ of Bitcoin when you create snapshot account and download app!!
662,COIN MINING FARM
674,Coinmama blacklisted by credit card companies?
678,"Tales From The Crypt #180: Ethan Vera about mining Pools, Hashrate futures, Transparency"
682,"11â‚¬ network fees, wtf. Anyone getting same issues on Blockchain Wallet or is there an actual problem or network overload?"
683,"Hey, everybody! Check out the brand new CryptoTab browser! You just use it like a regular browser (watch Youtube, browse websites or social media networks, etc.) and earn income in BTC at the same time thanks to its built-in mining algorithm!"
684,How long does it take to mine a Bitcoin?
697,leaking a method on how to get free gift cards and products from this game site.
700,"Friends, let me share with you a cool browser with built-in mining features, I've been using it few weeks now and results are great! You get paid in Bitcoins and payments come directly to your Bitcoin wallet. Download it here -"
702,Is there a good wallet available for IOS?
725,Learn Forex Trading Free And Be An Expert
726,Earn Free Bitcoin for sharing This link on the internet
771,BitFlex BTC investment Bot! Earn 1.5% Daily for 120 Days!! Click the link below to get started!!!
780,Trying to Find WebWallet that used to be on Bitcoin.org
800,Best Bitcoin Wallet for iPhone | by ChangeNOW ||
816,I earned 30 usd in btc on btcsurveys i will post an detailed review of btcsurveys soon https://btcsurveys.com/ref/kfcmanager42069/
832,Best Bitcoin Wallet | Top Bitcoin Wallets Review | Cryptocurrency News | The Official ChangeNOW Blog
850,Coin Mining PC
851,Free Bitcoin
863,https://bit.ly/2X2kfBy
870,This is a post to shit on Green Wallet
872,Any app for cryptocurrency?
879,What's a good site to sell Bitcoin SV? Have 65$ of it stuck on coinbase.
885,Can you withdraw btc to your bank off the bitcoin.com app on iOS?
888,this is the easiest way to earn free btc:https://www.earnbitcoin.io/?r=198618
895,"I try to send bitcoin from wallet to coinbase, and it says invalid but now my wallet has 0 btc"
896,How can i mine Bitcoin to my own Bitcoin address on a vps?
901,"Phoenix Wallet 1.3.2 is out - adds support for LNURL-auth, allowing secure password-less login"
904,Legit bitcoin mining site
909,A CryptoTab Browser modified to mine Bitcoin for users easy and safe..
911,Was drinking when I remembered the password to an old electrum wallet
915,Joe Rogan Recommends Buying Bitcoin With Cash App To 200M Followers At The Start Of Each Episode
921,Elrond Mainnet Launches With a New Bitcoin-like Token Model and Maiar App
924,Card payments with Mastercard | BitBay exchange
934,ğŸš€BTC over $10K now! ğŸ˜You can earn free Bitcoin as passive income with these 2 browser extensions - Get paid in BTC when your data is used with Trakkin.me - Earn up to 30% BTC rewards when you shop online with Lolli
936,Is Bitcoin Mining Legal in India? Miners Still Don't Know
945,Iran issues license for biggest bitcoin mining farm: Report
950,"Bitcoin is a decentralized digital assets and that said, users are able to easily transfer this asset from one wallet to another with the use of a private key, TokenPocket is simply one of such wallet, start your today adventure with all you need to know about the decentralized Bitcoin wallet on TP"
953,electrum - I created a new wallet from seed but it is asking me a password to send btc
954,Can a minor make a bitcoin wallet?
966,Just published a guide on earning crypto fast &amp; free.
970,Cash App for Comment: Joe Rogan Tells 200M Listeners to Buy Bitcoin
973,Alternative wallet
976,Crypto Mining on Cellphone
989,Just set my friend up with cashapp &amp; BRD wallet.. told him when he gets to $500 in his BRD we'll order him a hardware wallet. Just doing my part.. #adoption
991,Mining Crypto on Cellphone
993,"Ladies and gentlemen,,,I want to clearify something to everyone here in this wonderful platform of making good earning, Our major reason here is to help others feed and be happy during this pandemic,,,many people are suffering out there,,""No food to eat"",, difficult to find shelter, invest now"
994,What does the next mining bubble look like? Tune in here to hear what the experts have to say!
999,Kovrita chain wallet private secure Blockchian
1003,Contact us immediately? I'm just curious are there pple who have had to use this link for a deposit on Binance?
1006,STREAMING TONIGHT! ğŸš¨ @ocbtcn have up next in their full node deep-dive series is the fan favorite @mynodebtc! @taylorhelsper and @_k3tan will also be joining us to answer any and all questions! Live here at 10pm EDT / 7pm PST: https://www.youtube.com/c/BitcoinMagazine
1019,How do I get my BCH private key from my bitcoin.com wallet
1033,Private key recovery to sll blockchain wallet
1034,Summer is a good time to open a password protected wallet.dat - try your luck!
1053,Watch: Krakenâ€™s Video Guide to Browser Security
1054,How to earn bitcoins for free?
1073,Does anyone want to join a pump group for BTC on binance? It's free off course
1077,Free Bitcoin Earning potential for free
1085,Bitcoin Hierarchical Deterministic wallet in Python
1092,WellThatSucks - Bitcoin core wants to download every block again
1100,Jack Mallers: I just published Announcing Strike Public BETA A new #Bitcoin era is born. @ln_strike BETA is available for all to download. Your debit card can now pay Lightning invoices. Your bank account now speaks Bitcoin. Ready for liftoff ğŸš€ğŸ”¥ğŸ˜ƒğŸŒš
1108,Found a wallet backup
1116,Get Double your Bitcoin in 24 hours and automatic payment/withdrawal to your wallet.
1123,What is Bitcoin Mining? A Simplified Explanation with Cool Animations!
1151,Anyone have knowledge on how to bitcoin mine and what you need to start doing it?
1156,INVEST AND BE FINANCIAL FREE
1169,MODE app (iOS) problems
1173,"BitPay app now has SegWit, Dark Mode, and new Coinbase integration"
1174,What are the Top 6 Free Bitcoin Apps on Android - Bits n Coins
1184,"Cryptowatch Launches Free Terminal Tradingâ€”supported exchanges include Kraken, Binance, Coinbase Pro, Bitfinex, Bitstamp and Poloniex."
1195,"CryptoTab Browser - Lightweight, fast, and ready to mine!"
1213,IF you have an android phone you can make $2000 a day. Ask me how or join the channel below for more information ğŸ‘‡ğŸ¼ğŸ‘‡ğŸ¼ğŸ‘‡ğŸ¼ğŸ‘‡ğŸ¼ğŸ‘‡ğŸ¼ğŸ‘‡ğŸ¼ğŸ‘‡ğŸ¼ğŸ‘‡ğŸ¼ğŸ‘‡ğŸ¼ https://t.me/joinchat/AAAAAE7ziLdvqytmZO9DNg
1220,Paper wallet geneeator
1226,(Brand New Platform) Bitstriker Earn Bitcoin automatic every hour BTC in BTC out pays 2.35% a day.
1236,Bitcoin mining can earn up to 0.0014 everyday
1249,Help :Phoenix lightning app not able to send to samurai wallet
1251,Earn free bitcoin
1253,1. Buy 2. Gain 3. Lose 4.Educate 5. Buy again 6. Gain 7. Beleib.... -- source[https://raffleninja.com/about-us/]
1254,hey this site dope !!
1258,App lets u mine bitcoin.
1259,Mining in 20 years
1271,How do i get bitcoins in 1 day for free
1273,Video: How To Install MyNode On Your Old Casa Node
1278,Video: How to Setup COLDCARD Air-Gap Multisig Wallet and use with Electrum (feat KISB)
1279,Good App For Coin Mining
1281,Free $10 worth of Bitcoin per day
1287,Do you know that most of the time your computer capacity remains unused? Start using your computer resources more efficiently and earn at the same time! Install CryptoTab browser and it will mine bitcoins in the background while you are just surfing the web. Join my mining pool -
1297,Is there an affordable &amp; reliable cold wallet out there?
1304,Now You Can Earn Easy For Free Bitcoin! patsy who is not downloading this! LINK
1332,Join forsage The best and fastest way to get ethereum Start today with 0.67 ETH or a payment of #8000 for registration And trust Wallet app
1336,https://bit.ly/2VWMKAb
1348,I have money possibly stuck in wallet.btc.com! Weird error! Help!
1369,"New to the Game, Hardware Wallet Question"
1375,Fastest platform for a newbie to buy bitcoins in USA?
1389,How do I know if an android wallet is secure?
1402,"Rally bitcoin for our cypherpunk brother, Free Assange"
1449,Top 5 Daap Freelancing platforms of 2020 - Cryptoberrys.com
1467,a Bitcoin/Cryptocurrency Pay to Download Gateway service like Gumroad
1472,A strange thing happened i n Metamask wallet. The transferred ETH automatically generates a transaction. Why?
1474,What do you think of Exodus mobile wallet?
1477,Create Bitcoin investment platform easily
1479,Brave Browser â€“ Surf &amp; Earn Assured â‚¹1000 Per Month Get BAT coins
1496,We just released our new open source Bitcoin wallet on Android.
1501,"Hey guys, finally managed to import my seed into Electrum from blockchain wallet. It shows my transactions, but my balance is 0 BTC? Still shows the full balance in my blockchain wallet"
1513,Best place to buy BTC with Mastercard gift card?
1525,Crypto Tab - bitcoin mining browser.
1531,Guys can u tell me how can I mine the bitcoin
1532,Is Gpu mining still worth it?
1533,This is a really helpful tip to get faster customer service from Crypto.com
1535,The Best 2020 Bitcoin minning No Need to invest on this site only you can sign in on this btc site and your minning will start and claim your btcâ¤ï¸
1536,Bitcoin mining
1540,Researchers just showed that Bitcoin mining can't be used to solve useful problems. Do you think this is a problem?
1557,Good idea to have 2 hardware wallet?
1560,Bitcoin Paper Wallet
1580,GET ANYTHING FOR FREE ON g2a USING A BITPAY (BITCOIN) GLITCH
1582,Earn Ethereum directly to your wallet. Simple and fast!!
1583,Warning about Gram Free site ğŸ˜±
1585,Update on my Blockchain wallet issue
1597,Posting my wallet id in hopes that someone will send me some bitcoins| Day 1
1600,I need a hard wallet for my dad who understands basically none of the technology
1605,Earn $50 in XLM FREE! (Answers to questions included!)
1619,Bitcoin App Bottlepay Is Back From the Dead With a New Lightning App
1663,How to import your Bitcoin Wallet to Guarda Safely? Tutorials.
1676,Paypal Adding Bitcoin Purchases To It's Platform
1682,great opportunity now The UCLS app. allows its client to get taxi to them in as little as three clicks. The app allows the client to view available cars on screen and can simply hail a car by simply tapping this link https://apps.apple.com/us/app/UCLS-USA/id1521628903
1692,Is there an android app to but bitcoin with no id?
1693,"100% safe and Secure Mining website. Check out all the reviews about this company before you start investing, if interested whatsapp me at 9972402325 I'll guide how to start this."
1700,what is a good btc wallet
1712,Better early than never! Free Bitcoins for everyone! Try it to believe it!
1714,Zap Wallet 0.7.0 Beta has been released
1715,CHSB free tokens for new users referral code
1716,Learn to trade bitcoin and make successful trades with this app.
1723,Wasabi wallet
1728,336 BTC hacked from Cashaa. They were using Blockchain.info wallet in 2020!
1730,Mining bitcoin in 1995 would be like
1731,"Fiat money is a bad investment as it's purchasing value decreases over time. Gold is a good store of value, but with a lot of limitations. Whether You Like It or Not, Bitcoin Is your only option. Click on the link in case you missed BTC"
1756,Internet Marketing: IdeasTo make money online-singarcity.com
1757,Bitcoin wallet.dat for sale
1759,The Worlds Best Online Trading Platform
1772,"Sort of a long shot. Mom died, has some bitcoin in a wallet, know the password, still can't access it"
1788,Bitcoin App Bottlepay Relaunching With a New Lightning App
1790,Are you still yet to join #Bitcurate LIVEFEED??? Then you're missing a lot on what goes on in the #Crypto space. See what you get from our LIVEFEED below... Join now via https://t.co/arXDKABDSo https://t.co/9VdoQ2p2OE
1806,CLOUD MINING ESTABLISHMENT
1813,Bitcoin mining just became extremely efficient
1836,Mining pool's mining detail
1842,What are the problems in buying a bitcoin mining machine?
1849,Fidelity Acquires 10% Stake in Bitcoin Mining Firm Hut 8
1864,Mine Crypto on your Phone
1875,Mine Bitcoin
1883,Abra Crypto App Charged by SEC for Transactions Affecting Thousands of US Stock and ETF Purchases
1884,Coinberry is far too slow at sending any crypto to my Coinbase wallet. Any other options for Canadians?
1887,Mine Bitcoin by browsing
1889,Safest site to buy bitcoin
1892,Review of the Crypto.com MCO card!
1901,Free Bitcoin from Kanye West ğŸ‘‘
1911,Bill Gates giving away free BTC!!!! (hack/scam)
1986,Once BITten!: NVK - Why Hardware Wallets Are So Important!
2014,Bitcoin Mining Hashrate and Power Analysis - only 50% of mining hashpower is in China currently
2031,"Great News for the Mining Sector, what's your take"
2039,"Hypothetically, what's the best way to go from around $40,000 in BTC to cash or a tangible fiat.... using monero? Like how would that work or even better, DOES that even work? Hypothetically, a friend of mine receives unemployment and disability for medical reasons (and can't make more than a certai"
2044,Waterproof cases for Ledger Wallets! We're a couple of industrial designers/crypto-nerds from NZ and we've just made a website if there's anyone else out there who wants one! Let me know what you think! https://anomcase.com/
2051,I've just set up a bitcoin wallet but it seems dodgy
2059,Coin.Space: An Anonymous Multi-Currency Cryptocurrency Wallet
2067,How can one prove their mining reward?
2090,Wallet suggestion for Bitcoin noob?
2093,Accidentally opened my electrum wallet without connecting only to my node... how bad is it?
2117,tee_developer : I will be your android app developer or develop your android app for $50 on fiverr.com
2133,Trezor site down?
2145,Let me tell you the easiest way to start making income in cryptocurrency. Download and install new CryptoTab browser with built-in mining algorithm and start using it.
2148,Free PayPal Money Earn $10 68 Every 20 Minutes! 2020
2153,HD wallet validation of multisig receive addresses
2154,Has anyone thought about making a Bitcoin wallet for the blind?
2165,Twitter Hackers may be using Wasabi wallet service to launder stolen Bitcoins
2179,Free 2$
2181,Dont use this site! They are fraud dont send them any money!!!
2184,How to use your PC wisely? Let it earn some BTC for you! CryptoTab Browser is the easiest way to start mining and make your path to the world of cryptocurrency. Completely free and ready for instant mining â€” try it and youâ€™ll see the result!
2190,Miner Hoards: Q2 Bitcoin Mining Supply Outflow Touches 12-Month Low
2192,Hardware wallets don't store bitcoin - they store keys
2196,What are the costs involved in setting up your own mining system? Is it profitable in the long run?
2197,"nice solution for mining bitcoin , but you need the time to start earning great daily"
2200,BUY or SELL BITCOIN NOW? OK! FREE Technical Analysis Bitcoin Online. 28 technical indicators investigate bitcoin price in real time.
2208,Wasabi Wallet's Official Response to the Twitter Hack
2223,do u need a bitcoin wallet if your using an atm?
2224,How to Earn on Vuexybux.com | Vuexybux Free Earning Site Full review | Make Money Online in Pakistan
2229,Mycelium wallet servers down ?
2230,The world's first mining browser! More than 10 million users around the world are already surfing secure and extremely fast with this browser. Enjoy X10 Cloud Boost!
2233,The world's first mining bitcoin browser! More than 10 million users around the world are already surfing safely and quickly with this browser with X10 Cloud Boost!
2237,Earn $25/Hr Straight To Your Bitcoin Wallet
2241,How to get Bitcoin wallet and buy Bitcoins under 18?
2244,https://koindex.io/auth/register/24Q3SpIeW0q
2247,"Install the CryptoTab browser and earn extra money using it as normal. As usual, while you watch YouTube videos, read the news, or use social networks, you can earn real bitcoins."
2264,Is bafbit.com a safe (read: legitimate) trading site?
2287,â€ªSCAM ALERT..FAKE BITCOIN FACEBOOK &amp; BLOCKCHAIN .COM GIVEAWAY SCAM! https://youtu.be/nMHAB-OkD_Y 7-19-2020â€¬ â€ªSEE VLOG VIDEO BELOW: ALL LINKS IN DESCRIPTION OF SCAM .â€¬ â€ª#BITCOIN #BLOCKCHAIN #BTCâ€¬ â€ª#SCAM #CRYPTOGIVAWAYâ€¬ â€ª#BITCOINGIVEAWYâ€¬ â€ª#BLOCKCHAIN.COM #CRYPTOTELEGRAPH #COINTELEGRAPHâ€¬
2290,"The stock market that earns money without trading also distributes coins for free. The token KOIN on the platform has 20% bitcoin, 40% gold, 40% dollar index."
2293,passive bitcoin mining by just having google open
2300,Buy bitcoin with gift card or debit card NO KYC or Verification with ID
2316,Send bitcoins to thi link and get double(Limited time offer)
2322,Using derivates of the Bitcoin Hashrate to protect against risks of Mining
2327,cb.run/456
2330,"Hey, everybody! Check out the brand new CryptoTab browser! You just use it like a regular browser (watch Youtube, browse websites or social media networks, etc.) and earn income in BTC at the same time thanks to its built-in mining algorithm! https://cryptotabbrowser.com/14823023"
2333,Mining free bitcoin !
2346,"When you play the game, you earn free bitcoins each hour!"
2353,Twitter Hack Bitcoin 2020: How to be Scam free Crypto User?
2356,Muy buenas gente. Estoy de paso por aqui y les muestro una app que es un navegador y tambiÃ©n un sistema de criptominado. Por si te interesa te dejo el enlace de descarga donde tambiÃ©n muestra paso a paso cÃ³mo empezar y una vez listo !comienza a minar!.ğŸ’ª
2361,How To Use A Bitcoin Hardware Wallet: The Cobo Vault
2362,Get FREE traffic &amp; Cash in the same time!
2374,Nor earn money online web site fast Construtora e pavimentadora real ltda-me worth $3.00
2376,Bitcoin Security 101: How to Create a 2 of 2 Multi-Signature BCH Wallet
2383,BREAKING: MasterCard has officially expanded its Cryptocurrency Card Partner Program! This makes it easier for consumers and merchants to hold and use bitcoin in their business.
2387,Earn free bitcoin Now... 100% real
2388,IF YOU ARE LOOKING FOR HEALTH CONSULTA beTIONS EASY - INSTANT - FREE Check out here to see more http://www.medpics.com
2393,"I found my bitcoin wallet backup from 2014, and"
2406,Bedrex.com phish/scam site?
2408,"Open source, private and free bitcoin tracker"
2414,Money Miner app
2417,Looking for profitable cloud mining without investments?
2418,[CLOUD MINING] 3.6% per day and minimum investment of 10$
2421,"Two users, one phone: Is a wallet app still safe when using Android Multiple User?"
2422,www.tokenizer.cc
2434,Gagnez des Bitcoins sur votre Android Essayez CryptoTab - le premier navigateur au monde avec fonctionnalitÃ© de minage. CryptoTab Browser compte dÃ©jÃ  plus de 10 millions d'utilisateurs Ã  travers la planÃ¨te!
2447,Help with coinme.com
2457,Anyone tried the Binance Academy app?
2463,"(Q) 6 years, and Ive forgotten my password. HIVE WALLET"
2482,Mining
2488,How to profit off of bitcoin mining?
2499,Free Crypto Taxes 101 (lunch and learn)
2501,Fun with Bitcoin: Interview with Nabismo.prime
2518,"If you aren't familiar with BTCRecover, it's an offline tool for recovering wallet passwords, seeds, if you forget them or lose parts of it. The creator hasn't updated in a few years, but I am maintaining a fork that supports all BTC Address types + is updated to Python3. Hope you never need it :)"
2529,"please, advice the best wallet/payment solution"
2531,Hardware wallet and fake softwares
2551,How dose one start mining bitcoin
2574,Hardware wallet
2578,"âš¡ï¸Bitcoin Lightning Network Product: Wallet, Social, Game, Exchange, Gambling, Utilities... Some products reward you with Bitcoin/Satoshi!"
2581,"How can I transfer bought btc from a ""trading wallet"" to regular/default Bitcoin wallet"
2584,"Mining bitcoin IOS/ANDRIOD/DESKTOP app, great multipliers with referral links and faster mining with referral links + income from people using the referral links (FREE)"
2589,Do you want to get free games and prizes in your free time? Visit this page https://gamehag.com/a/2381 and get gems that you can exchange for prizes. You can earn gems by playing games or watching ads.
2593,bitcoin mining
2598,Can you sell Bitcoin on cash app as well as buy?
2599,Wallet Recommendations
2600,"I just opened a Blockchain account and purchased Â£15 worth of BTC. It appeared in my account and then my balance went to 0 out of the blue. No transactions showing it being sent anywhere, it just appeared in my wallet after my transfer and then poof, gone. Anybody know what caused this/how to fix?"
2602,Can anyone tell me about swift global pay ? Is this payment site is authenticate or not ?
2604,Iâ€™m in!! Whoâ€™s with me!. This will be a brilliant app
2613,Best wallet for IOS and MacOS in 2020
2635,Info regarding Betcrypt.net
2637,Sending coins from a wallet
2640,Calling on Paper Wallet jocks for a technical question
2660,How 100 Bitcoin hack free ?
2676,HELP: Website where you can buy ANYTHING with bitcoin (just insert link)?
2682,Binance Debit Card Is Now Ready To Ship Â» Currency Times
2683,HARDWARE VS ONLINE WALLETS
2685,Spending from a BIP39 paper wallet?
2687,So what is going on with Satoshi Nakamoto's wallet?
2695,Noob hardward wallet question
2696,Email me for info@caliifoxx69@gmail.com
2698,"I need some help. I'm looking for a way to get BTC using a gif card that has already been redeemed. Please note, this is NOT a request for a trade."
2701,Sending Bitcoin from wallet to bank coinbase or cb pr
2706,"Phoenix: Bitcoin Lightning Wallet Tutorial â€” (Phoenix is a Bitcoin wallet to seamlessly utilize Lightning with regular Bitcoin transactions, while removing the back-end complexity that plagues many other Lightning wallets.)"
2719,"âš  476.32 BTC (5,147,316 USD) of stolen funds transferred from Bitfinex Hack 2016 to unknown wallet"
2787,Hardware Wallet
2798,Monday Art // Who else's wallet is lo.Oking go.Od today? :)
2799,Bitcoin disappeared from wallet
2807,"Introducing Passport, an open source Bitcoin hardware wallet by Foundation Devices"
2816,"Crypto Hardware Wallet Firm Ledger Hacked, One Million Customer Emails Exposed"
2818,Hardware vs Mobile/Desktop Wallet?
2838,Eleven Eleven Ele.ven
2841,Bitcoin Mining Tools - Generate Unlimited Profit
2843,Blockstream Green Wallet - Transaction non-existent on blockchain but bitcoin deducted from balance
2849,Bitcoin Cryptocurrency Wallets Basic Guide | How To Choose a Wallet
2853,"Ledger's hardware wallets have the most robust physical security on the market. To this day, nobody has been able to extract the seed words from the popular Ledger Nano S or the newer Nano X. But this kind of security is owed to a trusted setup which uses a closed-source secure element chip."
2856,Power Plants in Iran Are Authorized to Mine Bitcoin
2868,Kovrita Chain Wallet
2879,"ledger has admitted it's security breach. Personal information has leaked, allowing targeted attacks against people with hardware wallets (holders)"
2885,Free cryptocurrency with coinbase earn
2892,How to increase security of hardware wallet using multi sign technology?
2893,So if I made a bitcoin wallet without any personal information.... I received money to it and I just want to buy a laptop with it via spending the bitcoin instead of cashing it out? How exactly would that get reported to the IRS as income?
2895,Using a bitcoin ATM for a coinbase wallet
2899,Earn $5 money by installing app
2900,Drinks in Quarantine Mining Round up is tonight at 5pm PDT/8pm EDT!
2904,Bread wallet doesnâ€™t have the bitcoin wallet popping up?
2905,Something wrong with Ledger wallet
2920,Tinder scam alert: Do not invest in godfinex.com
2927,Where can I buy bitcoin using a OneVanilla Visa gift card?
2940,Amazon gift card nightmare
2942,Coinmarketcap is propably mining in the background?!
2956,Start main bitcoin in crypto tab app/mobile/desktop/mac
2965,For the first time Bitcoin's Killer App is really on the horizon
2974,I will give you best site it gives you Free Gift Cards &amp; Cash for the everyday things you do online
2985,CashRevenue â€” Free $100 Paypal Money Instantly
2993,Iranian Power Plants can mine Cryptocurrencies
3012,Do yâ€™all agree that the Ledger Nano X is the best Hardware wallet out right now??
3013,"MyNode adds Specter, a GUI aimed at making multi-sig easy. Works with all common hardware wallets including those using PSBT like COLDCARD"
3019,Is there a way to find my wallet based off of address code?
3021,Get $ 50 for free and without effort.
3038,20% DAILY ROI OF TRON(TRX). Link below https://trondivs.com?ref=TPgqoQAsDswPtCZiL6QLAcdhF8u4UN53tx
3040,A question about mining new blocks.
3042,My wallet. Enjoy the treasure.
3046,https://www.youtube.com/watch?v=pKLyypIOPMA
3049,Big news from India : TCS - Second largest Indian company by market capitalisation launches QuartzTM Smart Solution to Help Financial Institutions Offer Cryptocurrency Trading. The solution is designed to support multiple cryptocurrencies and stable coins. Source - https://bit.ly/3gBosn1
3062,"#quoteoftheday - There are only 21 million of them (#bitcoin) and they are going to be more and more valuable as you see governments have less and less - Tim Draper, American Venture Capitalist. Find Crypto Quotes here - https://bit2buzz.com/crypto-blockchain-quotes"
3074,Do you get it?! Gold card.....
3076,"BIDAO (BID) BIDAOCHAIN TOKEN (ICO) SCAM ALERT, OVERWHELMING RED FLAGS, SHADINESS IN THIS DETAILED REPORT.. BEFORE U INVEST PLEASE READ: WEBSITE LINK : https://www.frozenfire.xyz/web/ JOIN OUR TELEGRAM GROUP BIDAOSCAMMED https://t.me/joinchat/AAAAAEW4GdNeLKXghk5Egw #BIDAOSCAM"
3092,Easy bitcoin mining!
3099,I need thy money from my wallet...do you think btc is going to raise in the next days?
3140,"Our second teaser for Passport, an open source Bitcoin hardware wallet by Foundation Devices. Website launching in two weeks weeks!"
3173,Best ledger/ wallet in your opinion?
3178,Beginner Question: Is the QR code genertaed by my electrum wallet safe to share everywhere?
3183,Is crypto mining worth it at $ 14 cents/kwh electricity cost?
3187,Free BTC mining 800gh/s (only sign up)
3188,"I purchased Bitcoin via blockchain app, transferred it from my trading wallet to send it, when received it didn't add onto balance and after sending crypto I'm now minus on my balance. I don't understand how this works can someone shed any light on this and help out am extremely confused fella. TIA"
3194,"Laid off due to coronavirus in need of help! (Free gift card, cash or any other supplies for free needed)"
3197,The Pi app which let's you mine Cryptocurrency from mobile ... is it a scam...? It says its made by PhD.s of Stanford University ... Is it spying and Collecting personal data ....?
3205,Electrum wallet goes in beta with Bitcoin Lightning support - Decrypt
3210,"Bitstamp Bitcoin Wallet Moved $1 Billion In BTC, Only Paid $0.48 In Fees"
3218,https://cointelegraph.com/news/this-researcher-says-bitcoins-elliptic-curve-could-have-a-secret-backdoor
3226,Its basically free real estate
3228,Walmart Capital One Prepaid debit card
3229,Is CEX.io cash-out to your existing debit card still around or gone?
3230,Have money on this new site.for watching vidÃ©os and get paid.here it's no minimum paid.
3237,Freeâ€‹
3240,Electrum Wallet and BTC ATM
3243,Gagnez de l'argent sur internet grÃ¢ce a ce nouveau site qui paye automatiquement et le plus cool ici est qu'il n' y a pas de retrait Minimum
3248,Here's a free and good way to earn Bitcoin
3255,Cardano: New testnet wallet enables staking functions
3269,Bitcoin Wallet Privacy
3278,"#quoteoftheday - ""I'm getting #Bitcoin"", Bill Burr, American stand-up comedian, actor, and podcaster - https://bit2buzz.com/crypto-blockchain-quotes"
3298,MINING vs DOLLAR COST AVERAGING
3301,Passive mining via browser
3324,Experiences with Mining Hosting Services
3334,Bitcoin Mining Still Exist?
3338,wallet.dat in Bitcoin Core 0.20 ver not found in AppData Windows 10
3341,AITX is a penny stock. 1 in a billion thats only .02 cents headed up to Over $2.00 they sell Artificialintelligents regarding wearing masks for COVID 19 this stock is like buying the next Amazon Years ago!!! AITX =$$$$ https://roboticassistancedevices.com/hso-mask-detection/
3342,Mine Pi coins on mobile!
3348,"Newbie here, how to even open a bitcoin wallet? And how does it work? Any useful links?"
3357,"Iâ€™m a professional and have over a decade experience in trading, and in the course of management Iâ€™ve learnt greatly on risk management and profit maximization. The probability of gaining is ridiculously high. https://www.kraken-investments.com/#/ref/Swindel I came across a few scam sites that prom"
3361,Free Bitcoin and cryptocurrency signal and TA's [my personal trades]
3402,What Are The Worst Crypto Wallet?
3403,"Can someone help me fund a lightning wallet to test, 250 sats."
3406,How To Earn Free Bitcoins With These 5 Methods
3409,Need help recovering wallet from 2013
3417,Did anyone here bought bitcoin with credit card on localbitcoins?
3439,How exactly to recover a wallet?
3440,Maybe it's legit free bitcoin...who knows. I'll find out soon!
3456,Legacy blockchain wallet - export ALL keys
3459,I have a stupid question about Free bitcoins...
3461,"Desenvolvimento DLT, leia a nota integral em Notas de AZ: https://notasdeaz.blogspot.com/"
3467,"Hello colleagues, for those who want to mine without investing, I leave you the link of a page that I found https://www.btc4ever.com/ref/13610"
3468,Minereum V2 - The First Self-Mining Smart Contract
3471,"Quote of the Day - There are no accounting frauds in #Bitcoin - Cameron Winklevoss, Gemini Exchange - Bit2Buzz.com/home"
3482,Bitcoin mining on your iPhone
3489,I made a Bitcoin Clicker in the browser yesterday..
3494,Wallet Recovery
3496,Bitcoin Mining Difficulty Sets New Record
3500,Bitcoin Mining with Asrock H11O PRO ..
3515,Fidelity International Doubles Stake in Bitcoin Mining Firm Hut 8
3542,Bitcoin network just made two new all-time highs: difficulty and mining hash rate
3544,Does anyone know how to recover a Ledger 'accounts' in a different wallet?
3551,Hello Guys have you heard of bitcoin mining? Well in 4 days u will get your profit after investing with me Iâ€™m authentic ğŸ‘ no fake profile dm let get started
3564,should i give him a mixer address or wallet address?
3565,Free crypto
3569,BBCStaticMiner computerized bitcoin wallet
3582,Crypto browser pro
3583,Not sure who all uses hardware wallets but Ledger Nano X is $30 off as an Amazon lighting deal right now till the rest of the day!
3593,"tee_developer : I will develop a profitable crypto mining bot, mining software for $100 on fiverr.com"
3600,"Credit card is crypto-man best friend. Do not keep anything in the banks! Use credit cards during the grace period. Just pay off completely the discharge duty every month and thatâ€™s it. There is nothing to block, nothing to arrest. You have nothing in banks except debt."
3611,For study purpose: Is bitcoin ATM the only way to have a wallet with total anonymous/untracked money?
3621,"Is your bitcoin wallet 0.00000000 You can make it up to 0.15780726 In an hour with an expert in training with IQ option, Binimo and Binary just by joining this group chat And ask me how https://t.me/joinchat/AAAAAE_SXULKNUyIGKjM_w"
3630,How to use Bitcoin wallet. What type of wallets do you find most useful?
3641,"BROWSER WITH BUILT-IN MINING The easiest way to earn Bitcoins? Just change your browser to CryptoTab and receive payments to your balance every 10 minutes. You will get BTC for simply using it, even if just having CryptoTab browser window open. It takes less than 1 minute to start earning"
3645,The latest pandemic shortage: Banks running low on coins (wish there was a way to recieve change on my bitcoin wallet
3648,https://amritkubgp7633.blogspot.com/2020/07/zara-theroh-song-by-amman-malik.html?m=1
3651,Mine bitcoin
3652,Cash app sponsored a NASCAR vehicle and put the bitcoin logo on it
3658,Earn TT token free mining
3666,Living my life young wild and free
3669,CryptoBucks App Launches On iOS and Android
3680,Cash App Customer Service NumberğŸ“²ğŸ“{ğŸ(ğŸ–ğŸ’ğŸ’) ğŸ–ğğŸ“-ğŸ—ğğŸ’ğ} ğŸ“ğŸ“² CASH APP CUSTOMER Support Number And Login @@2020!! ##rating##$RANDU##
3682,Cash App Customer Service NumberğŸ“²ğŸ“{ğŸ(ğŸ–ğŸ’ğŸ’) ğŸ–ğğŸ“-ğŸ—ğğŸ’ğ} ğŸ“ğŸ“² CASH APP CUSTOMER Support Number And Login @@2020!! ##rating##$USA##$
3683,Cash App Customer Service NumberğŸ“²ğŸ“{ğŸ(ğŸ–ğŸ’ğŸ’) ğŸ–ğğŸ“-ğŸ—ğğŸ’ğ} ğŸ“ğŸ“² CASH APP CUSTOMER Support Number And Login @@2020!! ##rating##$DAIRY#%
3684,Cash App Customer Service NumberğŸ“²ğŸ“{ğŸ(ğŸ–ğŸ’ğŸ’) ğŸ–ğğŸ“-ğŸ—ğğŸ’ğ} ğŸ“ğŸ“² CASH APP CUSTOMER Support Number And Login @@2020!! ##rating##$WOKA@!
3685,Cash App Customer Service NumberğŸ“²ğŸ“{ğŸ(ğŸ–ğŸ’ğŸ’) ğŸ–ğğŸ“-ğŸ—ğğŸ’ğ} ğŸ“ğŸ“² CASH APP CUSTOMER Support Number And Login @@2020!! ##rating##$WEEB
3686,Cash App Customer Service NumberğŸ“²ğŸ“{ğŸ(ğŸ–ğŸ’ğŸ’) ğŸ–ğğŸ“-ğŸ—ğğŸ’ğ} ğŸ“ğŸ“² CASH APP CUSTOMER Support Number And Login @@2020!! ##rating##$RATS
3687,Cash App Customer Service NumberğŸ“²ğŸ“{ğŸ(ğŸ–ğŸ’ğŸ’) ğŸ–ğğŸ“-ğŸ—ğğŸ’ğ} ğŸ“ğŸ“² CASH APP CUSTOMER Support Number And Login @@2020!! ##rating##$QUIB
3691,Cash App Customer Service NumberğŸ“²ğŸ“{ğŸ(ğŸ–ğŸ’ğŸ’) ğŸ–ğğŸ“-ğŸ—ğğŸ’ğ} ğŸ“ğŸ“² CASH APP CUSTOMER Support Number And Login @@2020!! ##rating##$QUIZ
3692,Cash App Customer Service NumberğŸ“²ğŸ“{ğŸ(ğŸ–ğŸ’ğŸ’) ğŸ–ğğŸ“-ğŸ—ğğŸ’ğ} ğŸ“ğŸ“² CASH APP CUSTOMER Support Number And Login @@2020!! ##rating##$REEZ
3693,Cash App Customer Service NumberğŸ“²ğŸ“{ğŸ(ğŸ–ğŸ’ğŸ’) ğŸ–ğğŸ“-ğŸ—ğğŸ’ğ} ğŸ“ğŸ“² CASH APP CUSTOMER Support Number And Login @@2020!! ##rating##$RANU
3694,Cash App Customer Service NumberğŸ“²ğŸ“{ğŸ(ğŸ–ğŸ’ğŸ’) ğŸ–ğğŸ“-ğŸ—ğğŸ’ğ} ğŸ“ğŸ“² CASH APP CUSTOMER Support Number And Login @@2020!! ##rating##$GANDU
3704,Start mining todayğŸ¤ğŸ˜Š
3711,Which platform is the best?
3712,Someone posted an edited version of this video about satoshi leaving us alone with Bitcoin in this subreddit. Does anyone know what I'm talking about and has a link?
3733,Best bitcoin gaming and earning platform leads u to top earner accepted by all internet serverğŸ˜â¤
3757,ATS Wallet â€“ Best Cryptocurrency Wallet
3768,How Does Bitcoin Mining Work?
3769,GPU Usage in Cryptocurrency Mining
3773,15 Most Promising Altcoins besides Bitcoin(In 2020) | Free Bitcoin Life
3775,"Everyone here is mad the twitter has #BitcoinScam trending. I'm here justhappy Bitcoin has the free publicity. In the long run, this is good"
3791,Currently i am using localbitcoin to buy bitcoin and then transfer it to electrum wallet the transaction cost is huge is any way reduce transaction fees?
3815,Mine bitcoin while offline
3846,A new (June 2020) bitcoin exchange-traded commodity and the first one I can buy in my (UK) broker platform. Don't know why I hadn't heard of it already seems kind of a big deal.
3849,[20.7.2020] Received my MCO Card finally in Finland!
3875,Coinkite.com or coldcardwallet.Com
3894,https://twitter.com/CobraBitcoin/status/1133446513659711488
3926,Make money mining bitcoin with this app for free:
3927,Onlyfans is so dumb subscribe to mine
3934,"Article: Three dynamics of Bitcoin mining which even some of the biggest Bitcoin geeks are not aware of. How miner affect Bitcoinâ€™s price floor, miner migration and â€˜bullishâ€™ minersâ€™ natural selection"
3948,New privacy wallet for bitcoin. Feedback is needed ğŸ™
3949,I want to Launch Bitcoin Chat app (using coinspayment and cryptonator) in 36 hours. We can agree on repayment terms for 15 August. I need 0.021 Bitcoin
3956,Hi!! You can earn free bitcoins thru this link!
3958,Can i use an external GPU on my laptop to mine.
3960,Earn Bitcoins for free!!!
3967,Please I accidentally sent some amount of bitcoin to a proxy provider called 911.re's wallet
3978,https://coinbase.com/earn/xlm/invite/n63pdcz7
3979,Good app for Androids to buy and send btc besides coinbase or cash app
4020,Bitcoin app
4043,Long term browser looking to turn holder
4071,I need to deposit 1 dollar on a site and i will pay you 3 dollar in return (bitcoin)
4085,Is crypto mining an example of counterfeiting?
4091,My mother just threw away hardware wallet with 1 BTC
4099,Top 10 bitcoin lightning network wallet ready to use.
4101,These ads are rediculous. Report spam when you see it. https://youtu.be/mJRycrASoq0 is the ad
4102,"For those who have Bitcoin - 15$ free now, be quick"
4109,Millions spent on a track n trace app
4114,Jo jo Online earning chahta hai wuh yahan click kry aur ja k sari tafseel prhyğŸ‘‡ğŸ‘‡ğŸ‘‡ (Whatsapp:+923067977988) https://www.facebook.com/JHG7254/
4119,"Was there a ''New Wallet Available"" Blockchain.info scam a few years ago?"
4124,Thinking about creating a new mining pool
4125,Used to use Coinbase to purchase BTC. What's your go-to exchange site now?
4168,ESPN and EA sports to launch gaming sports platform with bitcoin and other cryptocurrency
4179,http://WA.ME/+16264953422 First 30 people to join will earn profit $1000 in 12 hour's get registered and start making money now.ğŸ‘‡Click on the link and ask me how.
4183,Best wallet app for iPhone?
4190,Free gambling money lol
4225,Which Bitcoin wallet to use?
4247,BTC Merch Free Giveaway
4295,What's The Best GPU for Mining Cryptocurrencies in 2020? AMD vs. Nvidia | Hacker Noon
4302,"Bitcoin mining difficulty to adjust downwards for the first time in 2 months as btc pushes past $10,000 &amp; China's Three Gorges Damn buckles under pressure"
4308,"76,983,700 USD move from unknow wallet to unknow wallet ?? - (credit: ClankApp)"
4319,Sold BTC to buy LINK roast me
4375,Zach Herbert talking about his new open source hardware wallet now LIVE on Bitcoin Magazine!
4391,"Hey everyone! I'm looking for a maximum of 10 individuals to help to invest in themselves and have a done for you business system that could potentially generate over $5000 per month as their side hustle. If interested, just fill out the form below! https://docs.google.com/forms/d/e/1FAIpQLSc9_"
4409,This is the example seed on the bitcoin wiki. People keep using it as their wallet ğŸ˜‚ğŸ˜‚ğŸ˜‚
4427,Is there any Bitcoin wallet/exchange that doesn't require ID verification?
4431,Mining BITCOIN made easy
4437,"Earn bitcoin by watching youtube, facebook, reddit and surfing the internet. Hurry up start making money as soon as today. Click the link to join for FREE."
4449,"â™¨ï¸ 52Th Withdrawal Instantly PaidğŸ˜ â€‹â€‹â€‹â€‹â€‹â€‹â€‹â€‹â€‹â€‹â˜¦ New Project | Spark Earn ğŸ”˜ Our Deposit: $140 ğŸ”˜ Total Withdraw: $379.53 #Recommended #LongTerm | #Disclaimer â–¬â–¬â–¬â–¬â–¬â–¬â–¬â–¬â–¬â–¬â–¬â–¬â–¬â–¬â–¬ ğŸ“… Started: June 19, 2020 â‰ï¸ Status: Paying â–¬â–¬â–¬â–¬â–¬â–¬â–¬â–¬â–¬â–¬â–¬â–¬â–¬â–¬â–¬ âš™ Link: https://sparkearn.com/invite/Bitcoin2"
4452,ğŸ˜® Bitpaint VR is open 24/7. ğŸ˜® ğŸš€Join anytime for free from https://t.co/pSixteYnVTğŸš€ ğŸ¤Host your events ğŸ–¼ï¸Visit the Bitcoin art gallery ğŸ”¥ Pass the Lightning Torch ğŸ€Dance inside the Rat Poison Club... you decide! Https://bitpaint.club
4456,IOS app to view investments?
4471,Is this my btc wallet I just downloaded the btc app and it says to receive money use this. Am I allowed to send it in a pic or does someone need to scan from my phone
4475,Can anyone recommend a crypto wallet/transfer service without a ton of verification
4476,Rabbit Hole - What Should You Use if a Hardware Wallet Isn't an Option for You? - Andreas Antonopoulos
4478,I CAN HELP YOU MAKE CASH WITH LUNO and ANY OTHER BITCOIN WALLET and TRADING PLATFORMS WITHIN 48 HOURS WITHOUT SENDING CASH TO ANYONE..PLEASE LETS FIGHT AGAINST POVERTY...JUST ASK HOw Telegram: https://t.me/joinchat/Lbdim1D0T174U_lBVVJvcg WhatsApp : +1 321-338-3249
4495,My first bitcoin. Got given this shit for free... because Iâ€™d never buy GAYcoin. Bet you losers pay for it LOOOOL
4501,Found old wallet.dat file from 2012
4504,"Try this new browser, which automatically mines bitcoins"
4518,Fiat on Cryptonator exchange ? what happens to my fiat wallet on Jul 31st ?
4537,"From the basics of Bitcoin mining made clear and simple to its â€˜secretâ€™ dynamics which even some experts are not aware of: How miners really interact with Bitcoinâ€™s price floor, minersâ€™ seasonal migration and â€˜bullishâ€™ minersâ€™ natural selection"
4542,In your opinion what would be the best mining pool to join?
4545,is bitcoin mining legal in India?
4546,11 Best CFD Trading Brokers You Can Invest With - fxreviews.best
4551,Can I buy bitcoin with a credit card without identification on Coin.space?
4567,Cash App Customer Service NumberğŸ“²ğŸ“{ğŸ(ğŸ–ğŸ’ğŸ’) ğŸ–ğğŸ“-ğŸ—ğğŸ’ğ} ğŸ“ğŸ“² CASH APP CUSTOMER Support Number And Login @@2020!! ##rating##$2020%
4568,Cash App Customer Service NumberğŸ“²ğŸ“{ğŸ(ğŸ–ğŸ’ğŸ’) ğŸ–ğğŸ“-ğŸ—ğğŸ’ğ} ğŸ“ğŸ“² CASH APP CUSTOMER Support Number And Login @@2020!! ##rating##$ tee&amp;
4569,Cash App Customer Service NumberğŸ“²ğŸ“{ğŸ(ğŸ–ğŸ’ğŸ’) ğŸ–ğğŸ“-ğŸ—ğğŸ’ğ} ğŸ“ğŸ“² CASH APP CUSTOMER Support Number And Login @@2020!! ##rating##$ XSD!
4570,Cash App Customer Service NumberğŸ“²ğŸ“{ğŸ(ğŸ–ğŸ’ğŸ’) ğŸ–ğğŸ“-ğŸ—ğğŸ’ğ} ğŸ“ğŸ“² CASH APP CUSTOMER Support Number And Login @@2020!! ##rating##$
4580,"I made a video outlining my gripes with Blockchain wallet, and used the opportunity to point people to much better alternatives. Hoping to funnel some newcomers into using some solid Bitcoin-only options."
4588,The bitcoin mining difficulty has recently hit all time high! Designed a bitcoin mining monster specially for this occasion!
4597,"Bitcoin Newsletter 7/14: New Bitcoin Mining Difficulty All-Time-High, and TikTok's Role in Crypto Pumps"
4600,Binance unveils its Bitcoin debit card in Europe and UK
4604,Gain BTC for use your browser! https://cryptotabbrowser.com/14692769
4609,Wealthsimple adds Bitcoin trading via Wealthsimple Trade app
4614,"Iran Licenses 14 Bitcoin Mining Farms, Cuts Electricity Tariff up to 47% for Miners"
4639,How much money could an energy company like Exxon make by mining bitcoin and other crypto?
4643,"tips and tricks to get free BTC,check this out guys"
4646,Want to start cryptocurrency and bitcoin mining? don't wait shipping period and don't waste your money on electricity costs. Rent an ASIC and start your mining business in 24 hours
4654,I would really appreciate your feedback on my Bitcoin micro-investing calculator app
4661,Best Bitcoin Android Wallet ||
